{
    "Total Gains": 19,
    "Total Losses": 48,
    "Net Profit/Loss": 10.66269736477851,
    "Average Gain": 5.071117821533048,
    "Average Loss": -1.7851779425906125,
    "Total Gains Value": 96.3512386091279,
    "Total Losses Value": -85.6885412443494,
    "Gain/Loss Ratio": 1.1244355103954071
}