{
    "Total Gains": 99,
    "Total Losses": 228,
    "Net Profit/Loss": 15.562346127308977,
    "Average Gain": 1.211900574374872,
    "Average Loss": -0.457964082174576,
    "Total Gains Value": 119.97815686311235,
    "Total Losses Value": -104.41581073580333,
    "Gain/Loss Ratio": 1.149042046579377
}