{
    "Total Gains": 15,
    "Total Losses": 64,
    "Net Profit/Loss": 297.24390120084365,
    "Average Gain": 49.454348589960325,
    "Average Loss": -6.94642699450877
}