{
    "Total Gains": 254,
    "Total Losses": 744,
    "Net Profit/Loss": 20423.313893863524,
    "Average Gain": 6197.187840499656,
    "Average Loss": -2088.2559107433453,
    "Total Gains Value": 1574085.7114869126,
    "Total Losses Value": -1553662.397593049,
    "Gain/Loss Ratio": 1.0131452714087072
}