{
    "Total Gains": 285,
    "Total Losses": 1104,
    "Net Profit/Loss": 3916.144598964893,
    "Average Gain": 745.8408122203552,
    "Average Loss": -188.99319464115595,
    "Total Gains Value": 212564.63148280125,
    "Total Losses Value": -208648.48688383616,
    "Gain/Loss Ratio": 1.018769101360152
}