{
    "Total Gains": 57,
    "Total Losses": 153,
    "Net Profit/Loss": 45.044213162219975,
    "Average Gain": 4.465948465360491,
    "Average Loss": -1.3693781004139094,
    "Total Gains Value": 254.55906252554797,
    "Total Losses Value": -209.51484936332815,
    "Gain/Loss Ratio": 1.2149929386823883
}