{
    "Total Gains": 22,
    "Total Losses": 59,
    "Net Profit/Loss": 14.2650543833213,
    "Average Gain": 3.200271007297218,
    "Average Loss": -0.9515408097833474,
    "Total Gains Value": 70.40596216053879,
    "Total Losses Value": -56.1409077772175,
    "Gain/Loss Ratio": 1.254093760648277
}