{
    "Total Gains": 1108,
    "Total Losses": 2713,
    "Net Profit/Loss": 105.89954583609989,
    "Average Gain": 1.5973144367825827,
    "Average Loss": -0.6133154626314051,
    "Total Gains Value": 1769.8243959551016,
    "Total Losses Value": -1663.924850119002,
    "Gain/Loss Ratio": 1.0636444283096835
}